id,category,difficulty,text,choice_a,choice_b,choice_c,choice_d,correct_choice_id,clue
ACT1-001,AI_FUNDAMENTALS,EASY,Who stated that “artificial intelligence is the science of making machines do things that would require intelligence if done by men”?,Allen Newell,John McCarthy,Marvin Minsky,Kevin Warwick,C,Think of the MIT AI researcher known for studying common-sense intelligence.
ACT1-002,AI_FUNDAMENTALS,EASY,Who coined the phrase “Artificial Intelligence” for the 1956 Dartmouth conference?,Marvin Minsky,Allen Newell,John McCarthy,Horvitz,C,Recall the Dartmouth organizer also associated with the Lisp programming language.
ACT1-003,AI_FUNDAMENTALS,EASY,Who originally formulated the IQ test in 1904 to help identify kids who might struggle in a normal school environment?,Frances Galton,Alfred Binet,Cyril Burt,John Loehlin,B,Think of the French psychologist whose work focused on assessing schoolchildren.
ACT1-004,AI_FUNDAMENTALS,EASY,"According to Kevin Warwick’s Artificial Intelligence: The Basics, what was the primary reason for the loss of AI research funding during the 1970s?",Highly optimistic claims from 1960s that failed to produce the promised results.,A conflict in ideas between researchers as to how AI should be developed.,Limited computing power.,Lack of aspiring researchers in the field due to its complexity and cost.,A,Compare what researchers promised with what their systems could actually deliver.
ACT1-005,AI_FUNDAMENTALS,EASY,Which statement best expresses Marvin Minsky’s definition of artificial intelligence?,Machines that only store knowledge,Machines doing tasks that require human intelligence,Machines used only for games,Machines with no knowledge,B,"Focus on the kind of task being performed, rather than a particular application."
ACT1-006,AI_FUNDAMENTALS,EASY,"Based on Allen Newell's Unified Theories of Cognition, how does a system accurately demonstrate ""perfect intelligence""?",By defining problem boundaries,By bringing all the knowledge it has at its disposal to bear in the solution of a problem,By copying human common sense,By having high IQ,B,Consider whether the system uses everything it knows when tackling a problem.
ACT1-007,AI_FUNDAMENTALS,MEDIUM,A school describes a student’s entire intelligence using only one IQ score. What concern from the passage applies?,IQ is only for researchers,One score may not show all abilities,Students cannot take IQ tests,Intelligence cannot be measured,B,Think about whether one measurement can capture many different kinds of ability.
ACT1-008,AI_FUNDAMENTALS,MEDIUM,"You are testing a brand new robot to see if it actually possesses ""common-sense knowledge"" according to Marvin Minsky's standards. Which task should you assign it to prove this?",Assemble a car part,Fill a glass with water,Beat a human at chess,Solve a differential equation,B,Look for an everyday activity that requires practical understanding of the physical world.
ACT1-009,AI_FUNDAMENTALS,MEDIUM,Which application area of artificial intelligence would be useful for making a chatbot that can communicate in a user's dialect?,Expert Systems,Vision and Speech,Natural Language Processing (NLP),Problem Solving,C,Focus on understanding and producing human language.
ACT1-010,AI_FUNDAMENTALS,MEDIUM,How does Minsky’s definition of AI differ from Newell’s?,Newell believed AI is the ability of a machine to be physically fit while Minsky defined AI as the ability to think critically.,"Marvin Minsky defined AI as machines doing tasks that require human intelligence, while Newell focused on copying human intelligence.","Minsky focused on machines doing tasks that require human intelligence, while Newell saw intelligence as approximating knowledge-level systems to achieve goals.",They both believe AI is the new meta.,C,Compare a definition based on human tasks with one based on knowledge and goals.
ACT1-011,AI_FUNDAMENTALS,MEDIUM,Why can passing the Turing Test still be questioned as proof of intelligence?,It depends on human judgement,It measures only memory,It ignores machine behavior,It tests only speed,A,Consider who decides whether the machine sounds intelligent.
ACT1-012,AI_FUNDAMENTALS,MEDIUM,You test a new chatbot that reads your English prompts perfectly. But it only replies in a raw binary code. Which specific NLP component is missing?,Voice Recognition,Natural Language Generation,Heuristic algorithm,Natural Language Understanding,B,The input is understood; think about the stage that creates a readable response.
ACT1-013,AI_FUNDAMENTALS,HARD,Evaluate the following options and choose the one that best states the advantage of AI compared with human capabilities in medical diagnostics.,"AI is useful in complementing human expertise because it can analyze drug interactions without fatigue, while humans provide clinical judgment.",AI can totally replace humans because they can easily learn medications.,It is still too early to apply AI in medical diagnostics.,"AI does not make mistakes, unlike humans.",A,Look for an option where computational strengths support professional judgment.
ACT1-014,AI_FUNDAMENTALS,HARD,"According to John McCarthy’s view, which AI design should be considered better?",One that closely copies human thinking,One that solves problems effectively in its own way,One that imitates human conversation,One that behaves exactly like a person,B,Judge the result achieved rather than how closely the method resembles human thinking.
ACT1-015,AI_FUNDAMENTALS,HARD,Many computer scientists argue that the Turing Test is a fundamentally flawed measurement. Which specific assumption do these critics challenge to justify rejecting the test?,Code limits math speed,Interrogators are easily fooled,It strictly compares behavior,The physical rooms isolate signals,C,Consider whether observable conversation alone establishes what happens inside a system.
ACT1-016,AI_FUNDAMENTALS,HARD,Choose the option that best synthesizes why AI struggled during its winter age and how it was able to recover.,The people feared that AI might take over and rule everything but succeeding studies showed no definitive proof of this happening which allowed the research to continue.,"There was no noticeable improvement in the AI research so most researchers abandoned it, however a decade later, a human-like robot was built which sparked new hope for the field.","Lack of computing power, small data and vocabulary, and over-expectations during the 1960s resulted in a lack of AI research funding, but it was able to recover only after AI researchers stopped making it exactly imitate the human brain and instead focused it on certain domains.",AI struggled due to multiple bugs in its codebase but it has learned on its own mistakes and revived itself.,C,"Connect research expectations, practical limitations and a later narrowing of the problems being tackled."
ACT1-017,AI_FUNDAMENTALS,HARD,Choose the option that best synthesizes the change in thinking about how AI should be developed.,AI should copy human thinking before attempting any problem.,AI should focus on human behavior rather than successful results.,AI could solve problems in its own way instead of exactly copying human intelligence.,AI development should avoid using abilities that differ from humans.,C,Consider whether useful intelligent behavior requires reproducing the human thinking process.
ACT1-018,AI_FUNDAMENTALS,HARD,"Your team wants to develop an intelligent emergency response system. The system should understand emergency calls, determine the type of emergency, and recommend the best route for responders. Which combination of AI application areas would best achieve this goal?",Game playing + Robotics,Vision system + Voice system,Natural Language Processing + Expert Systems + Problem Solving,Speech recognition only,C,"Break the task into understanding the caller, applying specialist knowledge and planning a route."
ACT2-001,KNOWLEDGE_AND_PROBLEM_REPRESENTATION,EASY,What does problem-solving involve?,Moving from an initial situation to a goal using resources.,Reducing a composite situation into easier sub-problems.,Using an internal knowledge base to constrain solutions.,Guaranteeing a 100% correct transition to a goal state.,A,Think about what separates the starting situation from the desired outcome.
ACT2-002,KNOWLEDGE_AND_PROBLEM_REPRESENTATION,EASY,"In state space representation, what does the term ""state"" exactly define?",A procedural rule,The position at a certain time,A global database,An operator limit,B,Imagine taking a snapshot of the problem while a search is in progress.
ACT2-003,KNOWLEDGE_AND_PROBLEM_REPRESENTATION,EASY,"According to Polya, an important step in understanding a problem is isolation of principal parts. What are these?","the data, the conditions, and the solutions","the conditions, the boundaries, and the solutions","the data, the conditions, and the unknowns","the data, the unknowns, and the solutions",C,"Separate what is given, what must hold and what must be found."
ACT2-004,KNOWLEDGE_AND_PROBLEM_REPRESENTATION,EASY,Which statement best explains the difference between an algorithm and a heuristic?,"Algorithms guarantee a 100% correct solution, while heuristics select likely paths without guarantees.","Algorithms strictly fit the Human Window, while heuristics guarantee a solution.","Algorithms evaluate every node, while heuristics rely on backward chaining.","Algorithms use exhaustive enumeration, while heuristics use problem reduction.",A,Compare a prescribed solution procedure with a rule that guides promising choices.
ACT2-005,KNOWLEDGE_AND_PROBLEM_REPRESENTATION,EASY,"A production system has the characteristics of a monotonic production system and also satisfies the partially commutative condition. Based on these characteristics, which type of production system is being described?",Monotonic Production System,Non-Monotonic Production System,Commutative Law Based Production System,Partially Commutative Production System,C,Look for the system type that combines both properties named in the question.
ACT2-006,KNOWLEDGE_AND_PROBLEM_REPRESENTATION,EASY,Which of the following best describes the primary purpose of a production system in artificial intelligence?,To execute hardware tasks automatically without the need for an algorithm or database.,To structure problem-solving by separating domain knowledge from the control mechanism that executes those rules.,To ensure the system does not make mistakes by eliminating heuristics.,To translate natural language queries into machine code without the use of logic.,B,Consider the relationship between stored rules and the mechanism that chooses and applies them.
ACT2-007,KNOWLEDGE_AND_PROBLEM_REPRESENTATION,MEDIUM,"An AI starts at one condition, applies allowed actions, and continues until it reaches a desired condition. Which method is being used?",Problem analysis,State Space Search,Problem reduction,Conflict resolution,B,Imagine possible situations connected by the actions that move between them.
ACT2-008,KNOWLEDGE_AND_PROBLEM_REPRESENTATION,MEDIUM,A group of students needs to calculate the factorial of a number. They decide to solve the problem by having a function repeatedly call itself with a smaller value until it reaches 1. Which problem-solving technique are the students applying?,Exhaustive enumeration,Backward chaining,Recursion,Generate and Test,C,Look at how the function tackles a smaller instance of its own task.
ACT2-009,KNOWLEDGE_AND_PROBLEM_REPRESENTATION,MEDIUM,"A politician was asked how to solve urban flooding. He answered: “We will simply collect all the floodwater and save it to use during dry seasons.” Which criterion of Polya’s Human Window was violated, and why?",Grain Size – because it contains many sub-steps.,"Executability – it lacks resources, infrastructure, and realistic steps needed to carry it out.",Comprehensibility – the idea is too complex for regular people.,Representation – the problem lacks a proper search tree structure.,B,Ask whether the proposed action can actually be carried out with the available means.
ACT2-010,KNOWLEDGE_AND_PROBLEM_REPRESENTATION,MEDIUM,Critique the argument made by Hubert Dreyfus regarding expert systems vs. human expertise. What core distinction does he highlight to challenge the traditional knowledge representation approach?,"Experts rely on symbolic manipulation and explicit reasoning, where novices act on instincts.","Experts have compiled out all declarative knowledge, making them less accurate than knowledge-based systems.","Novices figure out actions through deliberate reasoning, whereas experts recognize patterns and react without step-by-step symbolic reasoning.",Expert performance is limited because human brains cannot compute predicate logic at runtime.,C,Compare a beginner working through rules with an expert recognizing a familiar situation.
ACT2-011,KNOWLEDGE_AND_PROBLEM_REPRESENTATION,MEDIUM,"Two programs give the same answer, but only one explicitly stores facts that it reasons with. What mainly distinguishes the second program?",It produces more accurate outputs,It uses an explicit knowledge base,It follows fewer instructions,It performs calculations faster,B,"Focus on how facts are represented and used, rather than whether the final answers match."
ACT2-012,KNOWLEDGE_AND_PROBLEM_REPRESENTATION,MEDIUM,"When analyzing an AI system, how does Allen Newell's ""knowledge level"" fundamentally differ from the ""symbol level""?",The knowledge level focuses exclusively on computational data structures.,"The knowledge level describes what an agent knows and its goals, while the symbol level describes how that knowledge is represented and processed.",The knowledge level strictly tests the execution speed of algorithms.,The knowledge level maps out the physical hardware limits.,B,Compare describing what an agent knows and wants with describing its internal implementation.
ACT2-013,KNOWLEDGE_AND_PROBLEM_REPRESENTATION,HARD,"When deciding whether to replace a traditional DBMS with a knowledge-based system, which choice highlights the primary tradeoff and potential risk of this change?","The KBS will require clerical personnel rather than domain experts for routine updates, which increases human error.","The KBS requires much more computational power and expertise to manage logical inferences, whereas the DBMS excels at rapid, direct retrieval of data.","The DBMS is incapable of storing facts about single objects, whereas the KBS can only operate on single instances.",The KBS will drastically increase data storage requirements because its knowledge base must be larger than a standard database.,B,Consider the extra reasoning work involved when stored facts must support new conclusions.
ACT2-014,KNOWLEDGE_AND_PROBLEM_REPRESENTATION,HARD,A developer expects an AI system’s knowledge to be updated often and reused for different conclusions. Which representation should the developer choose?,"Procedural, because each action is already specified","Procedural, because rules are harder to modify","Declarative, because knowledge can be reused and easily changed","Declarative, because it does not require inference",C,Think about keeping statements of knowledge separate from the steps that use them.
ACT2-015,KNOWLEDGE_AND_PROBLEM_REPRESENTATION,HARD,"When designing an inference engine, why would a developer choose to implement backward chaining instead of forward chaining?",Because it solves open-ended design and planning problems.,Because it is best suited for applications where the possible conclusions are limited and well-defined.,Because it moves strictly from available facts to an open-ended goal.,Because it requires continuous external sensor input to function.,B,Consider starting with a candidate conclusion and checking the evidence needed to support it.
ACT2-016,KNOWLEDGE_AND_PROBLEM_REPRESENTATION,HARD,You are building an automated customer service chatbot using a Frame architecture. You need the system to immediately alert a supervisor whenever a customer mentions an urgent safety issue. Which integration best solves the requirement?,Place an “if-added” attached procedure inside a frame slot that triggers an external alert when a safety keyword is detected.,Convert the frame into a semantic network every time a safety keyword is detected.,Use backward-chaining to delete the customer’s working storage database.,Store the safety rules in a decision-tree leaf node so the system does not need a user interface.,A,Look for a mechanism that reacts immediately when information is added to a slot.
ACT2-017,KNOWLEDGE_AND_PROBLEM_REPRESENTATION,HARD,A company wants one expert system to apply the same expertise to many different customer cases while reasoning separately about each case. Which arrangement best supports this design?,Use the database for reusable expertise and the knowledge base for temporary case facts,Use the knowledge base for reusable expertise and the database for the current case,Use the inference engine to store expertise and the database to store conclusions,Use the knowledge base to store conclusions and the inference engine to store case facts,B,Separate reusable expertise from the changing facts of an individual customer case.
ACT2-018,KNOWLEDGE_AND_PROBLEM_REPRESENTATION,HARD,Choose the option that best synthesizes the primary goal of Conceptual Dependency theory.,It restricts natural language understanding to strict true or false logic.,It extracts knowledge directly from domain experts using structured interviews.,"It creates a single, language-independent representation of meaning for sentences that mean the same thing.",It records stereotyped sequences of events like a bank robbery into a database.,C,Ask how different sentences or languages could express the same underlying idea.
ACT3-001,SEARCH_AND_GAME_PLAYING,EASY,What is the average number of child nodes in a problem-space graph called?,Problem depth,Admissibility,Branching factor,Space Complexity,C,Think about how many branches typically extend from one node.
ACT3-002,SEARCH_AND_GAME_PLAYING,EASY,"What does the term ""Branching Factor"" specifically define in a problem space graph?",The maximum number of nodes stored in the computer's memory.,The length of the shortest path from the initial state to the goal state.,The average number of child nodes for a given node.,The total amount of time taken to generate new nodes.,C,"Consider what varies at each node, not a fixed limit or total count."
ACT3-003,SEARCH_AND_GAME_PLAYING,EASY,What is the space complexity of a breadth-first search?,O(b^d) where d is depth and b is branching factor,O(bn) where n is total nodes,O(b),O(n^2),A,Recall that breadth-first search stores every node at each level in memory.
ACT3-004,SEARCH_AND_GAME_PLAYING,EASY,What is the fundamental purpose of adding a heuristic function to a search process?,To guarantee that the algorithm sequentially searches every single node in the problem space.,To evaluate states and estimate which node is most likely closest to the goal state.,"To convert an informed algorithm into a blind, brute-force search.",To randomly generate new domains and physical constraints.,B,"Focus on how promising a state looks, rather than blind exploration."
ACT3-005,SEARCH_AND_GAME_PLAYING,EASY,Why can forward search become less directed than backward search?,The goal must always be unknown,It always searches the deepest branch first,It cannot use IF-THEN rules,Many rules may apply without specifically leading toward the goal,D,Consider how many stored rules could fire without aiming at the goal.
ACT3-006,SEARCH_AND_GAME_PLAYING,EASY,Which of the following best explains how a beam search operates to control memory usage during a search process?,"It explores the deepest path first, storing only the path from the root to the current node before backtracking.","It expands all successor nodes at each level, but retains only a fixed number of the most promising states based on a heuristic evaluation.",It computes the exact cost function g(n) plus heuristic cost h(n) for every node across the entire search space without discarding any nodes.,It evaluates immediate local neighbors and irrevocably moves to the best neighbour without keeping track of alternative paths or previous state.,B,Think about a heuristic filter that discards all but the top candidates.
ACT3-007,SEARCH_AND_GAME_PLAYING,MEDIUM,A problem solver knows extra information about which states are more promising and wants to use that knowledge to guide where it searches next. Which approach should it use?,Exhaustive search,Heuristic search,Binary search,Layered search,B,Look for the approach that uses extra domain knowledge to prioritize states.
ACT3-008,SEARCH_AND_GAME_PLAYING,MEDIUM,"A group of students is developing a search program to explore a search tree layer by layer, checking all nodes at the current level before expanding deeper to find the shallowest solution. Which search technique are the students applying?",Depth-First Search,Linear Search,Breadth-First Search,Binary Search,C,Think about exploring every node one level before moving deeper.
ACT3-009,SEARCH_AND_GAME_PLAYING,MEDIUM,"Consider a decision-tree being searched using the upper-left-right binary tree search algorithm. For any subtree root node P with child nodes L (left) and R (right), in what operational order does ulr(P) evaluate these nodes?","Evaluate L, then R, then tests P.","Evaluate L, then tests P, then evaluates R.","Tests P first; if not a solution, recursively searches L, then recursively searches R.","Evaluates R first, then recursively searches L, then tests P.",C,"Trace the order: test the root first, then explore left, then right."
ACT3-010,SEARCH_AND_GAME_PLAYING,MEDIUM,How does Alpha-Beta pruning fundamentally improve the standard Minimax algorithm?,It changes the game into a single-player puzzle.,It completely eliminates the combinatorial explosion of states.,It cuts the number of game states the system has to examine in half.,It replaces the static evaluation function with random guessing.,C,Think about the states an unpromising branch causes the algorithm to skip.
ACT3-011,SEARCH_AND_GAME_PLAYING,MEDIUM,Which of the following best analyzes the core underlying cause of the “horizon effect” in computer game playing programs?,"The static evaluation function is too low, causing memory buffer overflows before reaching terminal nodes.","The program assumes the opponent will make suboptimal moves, leading to incorrect heuristic moves.",Fixed search depth limits prevent the program from detecting critical state changes that occur just beyond the maximum evaluated ply.,Alpha-Beta pruning incorrectly eliminates optimal branches due to unsorted move generators.,C,Consider what happens just past the point where the search stops looking.
ACT3-012,SEARCH_AND_GAME_PLAYING,MEDIUM,"A problem is divided into two types of nodes: one requires all child problems to succeed, while another requires at least one child problem to succeed. What does this reveal?",Both nodes are OR-nodes,The first is an AND-node and the second an OR-node,The first is an OR-node and the second an AND-node,Both nodes are terminal nodes,B,Match ‘succeeds only if all children succeed’ with the right node type.
ACT3-013,SEARCH_AND_GAME_PLAYING,HARD,"A chess program already uses minimax correctly, but it examines too many states. Which improvement is most appropriate?",Add alpha-beta pruning,Remove the minimizer,Replace evaluation with random choices,Expand every branch further,A,Recall the standard technique for cutting down state examination in minimax.
ACT3-014,SEARCH_AND_GAME_PLAYING,HARD,Evaluate the primary drawback of using standard minimax in real-world game environments with human opponents.,Minimax assumes the opponent plays optimally to maximize their gain.,Minimax cannot evaluate terminal states unless the complete game tree is fully expanded to the leaf nodes.,Minimax requires a heuristic evaluation function that remains completely static throughout all depth levels.,Minimax fails to operate in two-player zero-sum games where one player is a maximizer and the other is the minimizer.,A,Think about what minimax assumes regarding how the opponent behaves.
ACT3-015,SEARCH_AND_GAME_PLAYING,HARD,"When designing a proof-search algorithm, why would a developer purposefully choose backward search instead of forward search?","Because the system's axioms have only one input and multiple outputs, making the branching factor smaller in reverse.",Because backward search completely ignores the branching factor of the problem space graph.,Because the initial state of the environment is entirely unknown.,Because forward search requires a strict alpha-beta cut-off to work.,A,Consider which direction leaves fewer possible paths to follow.
ACT3-016,SEARCH_AND_GAME_PLAYING,HARD,Suppose you want to formulate an improved search algorithm that maximizes the number of cut-offs achieved by Alpha-Beta pruning. Which design strategy for node expansion should you construct?,Generate and evaluate child nodes in random order so that alpha and beta windows adjust dynamically.,Order move generation so that the plausible move generator expands the most promising (“best”) moves first at each level.,"Expand leaf nodes in reverse order of their static evaluation scores, starting with the worst potential minimizer moves.",Disable Alpha-Beta window adjustments until all leaf nodes at depth n have been fully evaluated by the static function.,B,Think about examining the strongest candidate moves before the weaker ones.
ACT3-017,SEARCH_AND_GAME_PLAYING,HARD,You are writing the exact cutoff logic for an Alpha-Beta pruning algorithm. Which condition correctly tells the system to stop exploring a specific branch?,The algorithm stops when the upper bound (beta) becomes less than or equal to the lower bound (alpha).,The algorithm stops when the maximizing player achieves a positive heuristic score.,The algorithm stops when the static evaluation function reaches exactly zero.,The algorithm stops when the plausible move generator runs out of memory.,A,Recall the comparison between the best guaranteed values for each player.
ACT3-018,SEARCH_AND_GAME_PLAYING,HARD,"A programmer wants to keep the basic idea of moving down a search path, but instead of always taking the first available child, the program should choose the child that appears most promising. Which search design does this create?",Breadth-first search,Best-first search,Ordinary depth-first search,Binary search,B,Think about picking the most promising child instead of the first one.
